/Users/feedthejim/Projects/vercel/next.js/packages/next/dist/compiled/webpack/webpack.js,0.5120420008897781,cached
/Users/feedthejim/Projects/vercel/next.js/packages/next/dist/compiled/webpack/bundle5.js,25.663750000298023,uncached
/Users/feedthejim/Projects/vercel/next.js/packages/next/dist/compiled/loader-runner/LoaderRunner.js,0.2746249996125698,uncached
/Users/feedthejim/Projects/vercel/next.js/packages/next/dist/compiled/webpack-sources3/index.js,0.5804169997572899,uncached
/Users/feedthejim/Projects/vercel/next.js/packages/next/dist/compiled/neo-async/async.js,0.9259999990463257,cached
/Users/feedthejim/Projects/vercel/next.js/packages/next/dist/compiled/acorn/acorn.js,2.3869170024991035,cached
/Users/feedthejim/Projects/vercel/next.js/test/e2e/app-dir/app/next.config.js,0.0855419971048832,uncached
/Users/feedthejim/Projects/vercel/next.js/packages/next/dist/next-config-validate.js,0.8282500021159649,cached
/Users/feedthejim/Projects/vercel/next.js/packages/next/dist/compiled/ws/index.js,1.5887500010430813,cached
/Users/feedthejim/Projects/vercel/next.js/packages/next/dist/server/node-environment.js,2.4336660020053387,cached
/Users/feedthejim/Projects/vercel/next.js/packages/next/dist/compiled/@edge-runtime/primitives/load.js,0.4149169996380806,cached
/Users/feedthejim/Projects/vercel/next.js/packages/next/dist/compiled/@edge-runtime/primitives/encoding.js.text.js,0.18062499910593033,cached
/Users/feedthejim/Projects/vercel/next.js/packages/next/dist/compiled/@edge-runtime/primitives/console.js.text.js,0.23412499949336052,cached
/Users/feedthejim/Projects/vercel/next.js/packages/next/dist/compiled/@edge-runtime/primitives/events.js.text.js,0.29679200053215027,cached
/Users/feedthejim/Projects/vercel/next.js/packages/next/dist/compiled/@edge-runtime/primitives/streams.js.text.js,0.30695800110697746,cached
/Users/feedthejim/Projects/vercel/next.js/packages/next/dist/compiled/@edge-runtime/primitives/text-encoding-streams.js.text.js,0.2131660021841526,cached
/Users/feedthejim/Projects/vercel/next.js/packages/next/dist/compiled/@edge-runtime/primitives/abort-controller.js.text.js,0.21683299914002419,cached
/Users/feedthejim/Projects/vercel/next.js/packages/next/dist/compiled/@edge-runtime/primitives/url.js.text.js,0.17195799946784973,cached
/Users/feedthejim/Projects/vercel/next.js/packages/next/dist/compiled/@edge-runtime/primitives/blob.js.text.js,0.24249999970197678,cached
/Users/feedthejim/Projects/vercel/next.js/packages/next/dist/compiled/@edge-runtime/primitives/structured-clone.js.text.js,0.2657500021159649,cached
/Users/feedthejim/Projects/vercel/next.js/packages/next/dist/compiled/@edge-runtime/primitives/fetch.js.text.js,2.9019160009920597,cached
/Users/feedthejim/Projects/vercel/next.js/packages/next/dist/compiled/@edge-runtime/primitives/index.js,22.406874999403954,cached
/Users/feedthejim/Projects/vercel/next.js/packages/next/dist/compiled/@edge-runtime/ponyfill/index.js,22.98937499895692,cached
/Users/feedthejim/Projects/vercel/next.js/packages/next/dist/server/node-polyfill-form.js,23.63433399796486,cached
/Users/feedthejim/Projects/vercel/next.js/packages/next/dist/server/node-polyfill-web-streams.js,0.2974589988589287,cached
/Users/feedthejim/Projects/vercel/next.js/packages/next/dist/shared/lib/router/utils/route-matcher.js,0.20091599971055984,cached
/Users/feedthejim/Projects/vercel/next.js/packages/next/dist/server/request-meta.js,0.22949999943375587,cached
/Users/feedthejim/Projects/vercel/next.js/packages/next/dist/server/lib/recursive-readdir-sync.js,0.2148750014603138,cached
/Users/feedthejim/Projects/vercel/next.js/packages/next/dist/compiled/path-to-regexp/index.js,0.2125839963555336,cached
/Users/feedthejim/Projects/vercel/next.js/packages/next/dist/shared/lib/router/utils/path-match.js,0.6737089976668358,cached
/Users/feedthejim/Projects/vercel/next.js/packages/next/dist/lib/redirect-status.js,0.17579099908471107,cached
/Users/feedthejim/Projects/vercel/next.js/packages/next/dist/shared/lib/escape-regexp.js,0.1516670025885105,cached
/Users/feedthejim/Projects/vercel/next.js/packages/next/dist/shared/lib/router/utils/parse-relative-url.js,0.1662909984588623,cached
/Users/feedthejim/Projects/vercel/next.js/packages/next/dist/shared/lib/router/utils/parse-url.js,0.49562500044703484,cached
/Users/feedthejim/Projects/vercel/next.js/packages/next/dist/shared/lib/page-path/ensure-leading-slash.js,0.14420800283551216,cached
/Users/feedthejim/Projects/vercel/next.js/packages/next/dist/shared/lib/router/utils/app-paths.js,0.46875,cached
/Users/feedthejim/Projects/vercel/next.js/packages/next/dist/server/future/helpers/interception-routes.js,0.8342499993741512,cached
/Users/feedthejim/Projects/vercel/next.js/packages/next/dist/shared/lib/router/utils/prepare-destination.js,2.1345419995486736,cached
/Users/feedthejim/Projects/vercel/next.js/packages/next/dist/server/server-route-utils.js,2.9623750001192093,cached
/Users/feedthejim/Projects/vercel/next.js/packages/next/dist/shared/lib/router/utils/is-dynamic.js,0.14525000005960464,cached
/Users/feedthejim/Projects/vercel/next.js/packages/next/dist/shared/lib/router/utils/get-route-from-asset-path.js,0.4649999998509884,cached
/Users/feedthejim/Projects/vercel/next.js/packages/next/dist/server/web/spec-extension/adapters/reflect.js,0.20137500017881393,cached
/Users/feedthejim/Projects/vercel/next.js/packages/next/dist/compiled/undici/index.js,4.0622499994933605,cached
/Users/feedthejim/Projects/vercel/next.js/packages/next/dist/server/web/spec-extension/adapters/headers.js,5.424917001277208,cached
/Users/feedthejim/Projects/vercel/next.js/packages/next/dist/server/api-utils/index.js,5.862709000706673,cached
/Users/feedthejim/Projects/vercel/next.js/packages/next/dist/compiled/bytes/index.js,0.13954200223088264,cached
/Users/feedthejim/Projects/vercel/next.js/packages/next/dist/server/lib/etag.js,0.09941699728369713,cached
/Users/feedthejim/Projects/vercel/next.js/packages/next/dist/compiled/fresh/index.js,0.09258300065994263,cached
/Users/feedthejim/Projects/vercel/next.js/packages/next/dist/server/send-payload/revalidate-headers.js,0.173334002494812,cached
/Users/feedthejim/Projects/vercel/next.js/packages/next/dist/server/send-payload/index.js,0.9103339985013008,cached
/Users/feedthejim/Projects/vercel/next.js/packages/next/dist/compiled/content-type/index.js,0.20170800015330315,cached
/Users/feedthejim/Projects/vercel/next.js/packages/next/dist/lib/interop-default.js,0.16358299925923347,cached
/Users/feedthejim/Projects/vercel/next.js/packages/next/dist/compiled/@edge-runtime/cookies/index.js,0.27924999967217445,cached
/Users/feedthejim/Projects/vercel/next.js/packages/next/dist/server/web/spec-extension/cookies.js,0.7375830002129078,cached
/Users/feedthejim/Projects/vercel/next.js/packages/next/dist/server/lib/server-ipc/utils.js,0.09116699919104576,cached
/Users/feedthejim/Projects/vercel/next.js/packages/next/dist/server/lib/server-ipc/invoke-request.js,0.30183400213718414,cached
/Users/feedthejim/Projects/vercel/next.js/packages/next/dist/server/api-utils/node.js,4.34816700220108,cached
/Users/feedthejim/Projects/vercel/next.js/packages/next/dist/server/base-http/index.js,0.11937500163912773,cached
/Users/feedthejim/Projects/vercel/next.js/packages/next/dist/server/base-http/node.js,10.947249997407198,cached
/Users/feedthejim/Projects/vercel/next.js/packages/next/dist/compiled/debug/index.js,1.147917002439499,cached
/Users/feedthejim/Projects/vercel/next.js/packages/next/dist/compiled/send/index.js,4.610125001519918,cached
/Users/feedthejim/Projects/vercel/next.js/packages/next/dist/server/serve-static.js,5.2472080029547215,cached
/Users/feedthejim/Projects/vercel/next.js/node_modules/.pnpm/react@18.2.0/node_modules/react/cjs/react.production.min.js,0.35350000113248825,cached
/Users/feedthejim/Projects/vercel/next.js/node_modules/.pnpm/react@18.2.0/node_modules/react/index.js,0.8425830006599426,cached
/Users/feedthejim/Projects/vercel/next.js/node_modules/.pnpm/react-dom@18.2.0_react@18.2.0/node_modules/react-dom/cjs/react-dom-server-legacy.browser.production.min.js,1.0382499992847443,cached
/Users/feedthejim/Projects/vercel/next.js/node_modules/.pnpm/react-dom@18.2.0_react@18.2.0/node_modules/react-dom/cjs/react-dom-server.browser.production.min.js,0.9217500016093254,cached
/Users/feedthejim/Projects/vercel/next.js/node_modules/.pnpm/react-dom@18.2.0_react@18.2.0/node_modules/react-dom/server.browser.js,2.777792003005743,cached
/Users/feedthejim/Projects/vercel/next.js/node_modules/.pnpm/client-only@0.0.1/node_modules/client-only/index.js,0.22887500002980232,cached
/Users/feedthejim/Projects/vercel/next.js/node_modules/.pnpm/styled-jsx@5.1.1_uuaxwgga6hqycsez5ok7v2wg4i/node_modules/styled-jsx/dist/index/index.js,1.1548330001533031,cached
/Users/feedthejim/Projects/vercel/next.js/node_modules/.pnpm/styled-jsx@5.1.1_uuaxwgga6hqycsez5ok7v2wg4i/node_modules/styled-jsx/index.js,1.6172909997403622,cached
/Users/feedthejim/Projects/vercel/next.js/packages/next/dist/lib/is-serializable-props.js,0.12679199874401093,cached
/Users/feedthejim/Projects/vercel/next.js/packages/next/dist/shared/lib/amp-mode.js,0.15970899909734726,cached
/Users/feedthejim/Projects/vercel/next.js/packages/next/dist/shared/lib/amp-context.js,0.2858330011367798,cached
/Users/feedthejim/Projects/vercel/next.js/packages/next/dist/shared/lib/side-effect.js,0.4219999983906746,cached
/Users/feedthejim/Projects/vercel/next.js/packages/next/dist/shared/lib/head-manager-context.js,0.22608299925923347,cached
/Users/feedthejim/Projects/vercel/next.js/packages/next/dist/shared/lib/utils/warn-once.js,0.1551249995827675,cached
/Users/feedthejim/Projects/vercel/next.js/packages/next/dist/shared/lib/head.js,1.9387079998850822,cached
/Users/feedthejim/Projects/vercel/next.js/packages/next/dist/shared/lib/loadable-context.js,0.21250000223517418,cached
/Users/feedthejim/Projects/vercel/next.js/packages/next/dist/shared/lib/loadable.js,0.6802500002086163,cached
/Users/feedthejim/Projects/vercel/next.js/packages/next/dist/shared/lib/router-context.js,0.21083400025963783,cached
/Users/feedthejim/Projects/vercel/next.js/packages/next/dist/shared/lib/html-context.js,0.19999999925494194,cached
/Users/feedthejim/Projects/vercel/next.js/packages/next/dist/shared/lib/router/utils/sorted-routes.js,0.18412500247359276,cached
/Users/feedthejim/Projects/vercel/next.js/packages/next/dist/shared/lib/router/utils/index.js,0.4647909998893738,cached
/Users/feedthejim/Projects/vercel/next.js/packages/next/dist/shared/lib/page-path/normalize-page-path.js,0.8514169976115227,cached
/Users/feedthejim/Projects/vercel/next.js/packages/next/dist/shared/lib/page-path/normalize-path-sep.js,0.1480420008301735,cached
/Users/feedthejim/Projects/vercel/next.js/packages/next/dist/shared/lib/page-path/denormalize-page-path.js,0.45924999937415123,cached
/Users/feedthejim/Projects/vercel/next.js/packages/next/dist/server/render-result.js,0.16349999979138374,cached
/Users/feedthejim/Projects/vercel/next.js/packages/next/dist/lib/non-nullable.js,0.14616600051522255,cached
/Users/feedthejim/Projects/vercel/next.js/packages/next/dist/server/stream-utils/encode-decode.js,0.11229100078344345,cached
/Users/feedthejim/Projects/vercel/next.js/packages/next/dist/server/stream-utils/node-web-streams-helper.js,0.8625839985907078,cached
/Users/feedthejim/Projects/vercel/next.js/packages/next/dist/shared/lib/image-config-context.js,0.2324169985949993,cached
/Users/feedthejim/Projects/vercel/next.js/packages/next/dist/compiled/strip-ansi/index.js,0.10245800018310547,cached
/Users/feedthejim/Projects/vercel/next.js/packages/next/dist/server/internal-utils.js,0.1252089999616146,cached
/Users/feedthejim/Projects/vercel/next.js/packages/next/dist/shared/lib/hooks-client-context.js,0.26125000044703484,cached
/Users/feedthejim/Projects/vercel/next.js/packages/next/dist/shared/lib/router/adapters.js,1.6322080008685589,cached
/Users/feedthejim/Projects/vercel/next.js/packages/next/dist/shared/lib/app-router-context.js,0.21870899945497513,cached
/Users/feedthejim/Projects/vercel/next.js/packages/next/dist/server/post-process.js,0.15325000137090683,cached
/Users/feedthejim/Projects/vercel/next.js/packages/next/dist/server/render.js,18.465332999825478,cached
/Users/feedthejim/Projects/vercel/next.js/packages/next/dist/lib/is-edge-runtime.js,0.17054199799895287,cached
/Users/feedthejim/Projects/vercel/next.js/packages/next/dist/shared/lib/runtime-config.js,0.1062920019030571,cached
/Users/feedthejim/Projects/vercel/next.js/packages/next/dist/lib/is-api-route.js,0.16612499952316284,cached
/Users/feedthejim/Projects/vercel/next.js/packages/next/dist/shared/lib/router/utils/parse-path.js,0.13566699996590614,cached
/Users/feedthejim/Projects/vercel/next.js/packages/next/dist/shared/lib/router/utils/path-has-prefix.js,0.3842500001192093,cached
/Users/feedthejim/Projects/vercel/next.js/packages/next/dist/shared/lib/router/utils/remove-path-prefix.js,0.6402909979224205,cached
/Users/feedthejim/Projects/vercel/next.js/packages/next/dist/shared/lib/router/utils/remove-trailing-slash.js,0.1360829994082451,cached
/Users/feedthejim/Projects/vercel/next.js/packages/next/dist/shared/lib/router/utils/add-path-prefix.js,0.15650000050663948,cached
/Users/feedthejim/Projects/vercel/next.js/packages/next/dist/shared/lib/router/utils/add-path-suffix.js,0.152708001434803,cached
/Users/feedthejim/Projects/vercel/next.js/packages/next/dist/shared/lib/router/utils/add-locale.js,0.14754100143909454,cached
/Users/feedthejim/Projects/vercel/next.js/packages/next/dist/shared/lib/router/utils/format-next-pathname-info.js,1.243707999587059,cached
/Users/feedthejim/Projects/vercel/next.js/packages/next/dist/shared/lib/i18n/normalize-locale-path.js,0.1808750033378601,cached
/Users/feedthejim/Projects/vercel/next.js/packages/next/dist/shared/lib/router/utils/get-next-pathname-info.js,0.4592909999191761,cached
/Users/feedthejim/Projects/vercel/next.js/packages/next/dist/server/router.js,3.1533749997615814,cached
/Users/feedthejim/Projects/vercel/next.js/packages/next/dist/server/utils.js,0.1706250011920929,cached
/Users/feedthejim/Projects/vercel/next.js/packages/next/dist/shared/lib/router/utils/is-bot.js,0.07537499815225601,cached
/Users/feedthejim/Projects/vercel/next.js/packages/next/dist/shared/lib/router/utils/escape-path-delimiters.js,0.07649999856948853,cached
/Users/feedthejim/Projects/vercel/next.js/packages/next/dist/shared/lib/router/utils/route-regex.js,0.12525000050663948,cached
/Users/feedthejim/Projects/vercel/next.js/packages/next/dist/server/accept-header.js,0.19224999845027924,cached
/Users/feedthejim/Projects/vercel/next.js/packages/next/dist/shared/lib/i18n/detect-locale-cookie.js,0.15745799988508224,cached
/Users/feedthejim/Projects/vercel/next.js/packages/next/dist/shared/lib/i18n/detect-domain-locale.js,0.17262500151991844,cached
/Users/feedthejim/Projects/vercel/next.js/packages/next/dist/compiled/cookie/index.js,0.17395899817347527,cached
/Users/feedthejim/Projects/vercel/next.js/packages/next/dist/server/server-utils.js,2.064207997173071,cached
/Users/feedthejim/Projects/vercel/next.js/packages/next/dist/shared/lib/get-hostname.js,0.07633300125598907,cached
/Users/feedthejim/Projects/vercel/next.js/packages/next/dist/server/future/helpers/module-loader/node-module-loader.js,0.08612500131130219,cached
/Users/feedthejim/Projects/vercel/next.js/packages/next/dist/server/future/helpers/module-loader/route-module-loader.js,0.1055000014603138,cached
/Users/feedthejim/Projects/vercel/next.js/packages/next/dist/server/web/next-url.js,0.3891669996082783,cached
/Users/feedthejim/Projects/vercel/next.js/packages/next/dist/server/web/error.js,0.10545800253748894,cached
/Users/feedthejim/Projects/vercel/next.js/packages/next/dist/server/web/spec-extension/request.js,0.9459999985992908,cached
/Users/feedthejim/Projects/vercel/next.js/packages/next/dist/server/web/spec-extension/adapters/next-request.js,1.1692910008132458,cached
/Users/feedthejim/Projects/vercel/next.js/packages/next/dist/server/future/route-handler-managers/route-handler-manager.js,1.6928330026566982,cached
/Users/feedthejim/Projects/vercel/next.js/packages/next/dist/server/future/normalizers/locale-route-normalizer.js,0.07999999821186066,cached
/Users/feedthejim/Projects/vercel/next.js/packages/next/dist/server/future/route-matchers/route-matcher.js,0.1760840006172657,cached
/Users/feedthejim/Projects/vercel/next.js/packages/next/dist/server/future/route-matchers/locale-route-matcher.js,0.5644589997828007,cached
/Users/feedthejim/Projects/vercel/next.js/packages/next/dist/server/future/route-matcher-managers/default-route-matcher-manager.js,0.8337079994380474,cached
/Users/feedthejim/Projects/vercel/next.js/packages/next/dist/lib/is-app-page-route.js,0.07887499779462814,cached
/Users/feedthejim/Projects/vercel/next.js/packages/next/dist/server/future/normalizers/normalizers.js,0.19112500175833702,cached
/Users/feedthejim/Projects/vercel/next.js/packages/next/dist/shared/lib/isomorphic/path.js,0.07820799946784973,cached
/Users/feedthejim/Projects/vercel/next.js/packages/next/dist/server/future/normalizers/prefixing-normalizer.js,0.36966700106859207,cached
/Users/feedthejim/Projects/vercel/next.js/packages/next/dist/server/future/normalizers/built/app/app-bundle-path-normalizer.js,0.8339999988675117,cached
/Users/feedthejim/Projects/vercel/next.js/packages/next/dist/server/future/normalizers/built/app/app-filename-normalizer.js,0.12058300152420998,cached
/Users/feedthejim/Projects/vercel/next.js/packages/next/dist/shared/lib/page-path/remove-page-path-tail.js,0.1665000021457672,cached
/Users/feedthejim/Projects/vercel/next.js/packages/next/dist/lib/metadata/is-metadata-route.js,0.14512499794363976,cached
/Users/feedthejim/Projects/vercel/next.js/packages/next/dist/shared/lib/hash.js,0.08595800027251244,cached
/Users/feedthejim/Projects/vercel/next.js/packages/next/dist/lib/metadata/get-metadata-route.js,0.814750000834465,cached
/Users/feedthejim/Projects/vercel/next.js/packages/next/dist/shared/lib/page-path/absolute-path-to-page.js,1.5949589982628822,cached
/Users/feedthejim/Projects/vercel/next.js/packages/next/dist/server/future/normalizers/absolute-filename-normalizer.js,1.9266250021755695,cached
/Users/feedthejim/Projects/vercel/next.js/packages/next/dist/server/future/normalizers/built/app/app-page-normalizer.js,2.0804579965770245,cached
/Users/feedthejim/Projects/vercel/next.js/packages/next/dist/server/future/normalizers/wrap-normalizer-fn.js,0.1758750006556511,cached
/Users/feedthejim/Projects/vercel/next.js/packages/next/dist/server/future/normalizers/underscore-normalizer.js,0.17624999955296516,cached
/Users/feedthejim/Projects/vercel/next.js/packages/next/dist/server/future/normalizers/built/app/app-pathname-normalizer.js,0.6228749975562096,cached
/Users/feedthejim/Projects/vercel/next.js/packages/next/dist/server/future/normalizers/built/app/index.js,4.088833998888731,cached
/Users/feedthejim/Projects/vercel/next.js/packages/next/dist/server/future/route-kind.js,0.15166699886322021,cached
/Users/feedthejim/Projects/vercel/next.js/packages/next/dist/server/future/route-matchers/app-page-route-matcher.js,0.08208400011062622,cached
/Users/feedthejim/Projects/vercel/next.js/packages/next/dist/server/future/route-matcher-providers/helpers/cached-route-matcher-provider.js,0.08733300119638443,cached
/Users/feedthejim/Projects/vercel/next.js/packages/next/dist/server/future/route-matcher-providers/manifest-route-matcher-provider.js,0.2601669989526272,cached
/Users/feedthejim/Projects/vercel/next.js/packages/next/dist/server/future/route-matcher-providers/app-page-route-matcher-provider.js,5.315958000719547,cached
/Users/feedthejim/Projects/vercel/next.js/packages/next/dist/lib/is-app-route-route.js,0.07754099741578102,cached
/Users/feedthejim/Projects/vercel/next.js/packages/next/dist/server/future/route-matchers/app-route-route-matcher.js,0.12133399769663811,cached
/Users/feedthejim/Projects/vercel/next.js/packages/next/dist/server/future/route-matcher-providers/app-route-route-matcher-provider.js,0.6242920011281967,cached
/Users/feedthejim/Projects/vercel/next.js/packages/next/dist/server/future/route-matchers/pages-api-route-matcher.js,0.2124590016901493,cached
/Users/feedthejim/Projects/vercel/next.js/packages/next/dist/server/future/normalizers/built/pages/pages-bundle-path-normalizer.js,0.20545800030231476,cached
/Users/feedthejim/Projects/vercel/next.js/packages/next/dist/server/future/normalizers/built/pages/pages-filename-normalizer.js,0.1852080002427101,cached
/Users/feedthejim/Projects/vercel/next.js/packages/next/dist/server/future/normalizers/built/pages/pages-page-normalizer.js,0.16187499836087227,cached
/Users/feedthejim/Projects/vercel/next.js/packages/next/dist/server/future/normalizers/built/pages/pages-pathname-normalizer.js,0.09404200315475464,cached
/Users/feedthejim/Projects/vercel/next.js/packages/next/dist/server/future/normalizers/built/pages/index.js,1.1482499986886978,cached
/Users/feedthejim/Projects/vercel/next.js/packages/next/dist/server/future/route-matcher-providers/pages-api-route-matcher-provider.js,1.6697499975562096,cached
/Users/feedthejim/Projects/vercel/next.js/packages/next/dist/server/future/route-matchers/pages-route-matcher.js,0.12058300152420998,cached
/Users/feedthejim/Projects/vercel/next.js/packages/next/dist/server/future/route-matcher-providers/pages-route-matcher-provider.js,0.3534169979393482,cached
/Users/feedthejim/Projects/vercel/next.js/packages/next/dist/server/future/route-matcher-providers/helpers/manifest-loaders/server-manifest-loader.js,0.08387499675154686,cached
/Users/feedthejim/Projects/vercel/next.js/packages/next/dist/server/future/helpers/i18n-provider.js,0.09529200196266174,cached
/Users/feedthejim/Projects/vercel/next.js/packages/next/dist/server/send-response.js,0.10291700065135956,cached
/Users/feedthejim/Projects/vercel/next.js/packages/next/dist/server/web/spec-extension/adapters/request-cookies.js,0.15983299911022186,cached
/Users/feedthejim/Projects/vercel/next.js/packages/next/dist/server/future/route-modules/helpers/response-handlers.js,0.34370800107717514,cached
/Users/feedthejim/Projects/vercel/next.js/packages/next/dist/server/future/route-matches/route-match.js,0.07204199954867363,cached
/Users/feedthejim/Projects/vercel/next.js/packages/next/dist/server/base-server.js,19.820957999676466,cached
/Users/feedthejim/Projects/vercel/next.js/packages/next/dist/compiled/lru-cache/index.js,0.3955000005662441,cached
/Users/feedthejim/Projects/vercel/next.js/packages/next/dist/server/require.js,1.7258749976754189,cached
/Users/feedthejim/Projects/vercel/next.js/packages/next/dist/server/load-components.js,0.2599169984459877,cached
/Users/feedthejim/Projects/vercel/next.js/packages/next/dist/shared/lib/router/utils/relativize-url.js,0.09312500059604645,cached
/Users/feedthejim/Projects/vercel/next.js/packages/next/dist/shared/lib/router/utils/middleware-route-matcher.js,0.13737499713897705,cached
/Users/feedthejim/Projects/vercel/next.js/packages/next/dist/server/response-cache/types.js,0.08491700142621994,cached
/Users/feedthejim/Projects/vercel/next.js/packages/next/dist/server/response-cache/index.js,0.2959579974412918,cached
/Users/feedthejim/Projects/vercel/next.js/packages/next/dist/server/lib/incremental-cache/utils.js,0.08420899882912636,cached
/Users/feedthejim/Projects/vercel/next.js/packages/next/dist/server/lib/incremental-cache/file-system-cache.js,0.3790830001235008,cached
/Users/feedthejim/Projects/vercel/next.js/packages/next/dist/server/lib/incremental-cache/fetch-cache.js,0.17475000023841858,cached
/Users/feedthejim/Projects/vercel/next.js/packages/next/dist/shared/lib/base64-arraybuffer.js,0.13512500002980232,cached
/Users/feedthejim/Projects/vercel/next.js/packages/next/dist/server/lib/incremental-cache/index.js,1.1847919970750809,cached
/Users/feedthejim/Projects/vercel/next.js/packages/next/dist/server/lib/node-fs-methods.js,0.11908400058746338,cached
/Users/feedthejim/Projects/vercel/next.js/packages/next/dist/server/lib/mock-request.js,0.32429200038313866,cached
/Users/feedthejim/Projects/vercel/next.js/packages/next/dist/server/next-server.js,93.4330419972539,cached
/Users/feedthejim/Projects/vercel/next.js/packages/next/dist/compiled/compression/index.js,3.7140839993953705,cached
/Users/feedthejim/Projects/vercel/next.js/packages/next/dist/server/lib/utils.js,0.16658299788832664,cached
/Users/feedthejim/Projects/vercel/next.js/packages/next/dist/server/lib/server-ipc/index.js,0.5530419982969761,cached
/server/webpack-runtime.js,0.2267090007662773,cached
/Users/feedthejim/Projects/vercel/next.js/packages/next/dist/server/get-page-files.js,0.23283300176262856,cached
/Users/feedthejim/Projects/vercel/next.js/packages/next/dist/server/htmlescape.js,0.10829100012779236,cached
/server/pages/_document.js,1.9002499990165234,cached
/server/pages/_app.js,0.23012500256299973,cached
/Users/feedthejim/Projects/vercel/next.js/packages/next/dist/compiled/jest-worker/index.js,0.72316699847579,uncached
/Users/feedthejim/Projects/vercel/next.js/packages/next/dist/compiled/webpack/webpack.js,0.33145900070667267,cached
/Users/feedthejim/Projects/vercel/next.js/packages/next/dist/compiled/webpack/bundle5.js,26.71637500077486,uncached
/Users/feedthejim/Projects/vercel/next.js/packages/next/dist/compiled/loader-runner/LoaderRunner.js,0.2797500006854534,uncached
/Users/feedthejim/Projects/vercel/next.js/packages/next/dist/compiled/webpack-sources3/index.js,0.5752910003066063,uncached
/Users/feedthejim/Projects/vercel/next.js/packages/next/dist/compiled/neo-async/async.js,0.6636670008301735,cached
/Users/feedthejim/Projects/vercel/next.js/packages/next/dist/compiled/acorn/acorn.js,2.1046670004725456,cached
/Users/feedthejim/Projects/vercel/next.js/test/e2e/app-dir/app/next.config.js,0.07158400118350983,uncached
/Users/feedthejim/Projects/vercel/next.js/packages/next/dist/next-config-validate.js,0.5232499986886978,cached
/Users/feedthejim/Projects/vercel/next.js/packages/next/dist/compiled/ws/index.js,1.4640410020947456,cached
/Users/feedthejim/Projects/vercel/next.js/packages/next/dist/server/node-environment.js,1.8566250018775463,cached
/Users/feedthejim/Projects/vercel/next.js/packages/next/dist/compiled/@edge-runtime/primitives/load.js,0.27045900002121925,cached
/Users/feedthejim/Projects/vercel/next.js/packages/next/dist/compiled/@edge-runtime/primitives/encoding.js.text.js,0.07291699945926666,cached
/Users/feedthejim/Projects/vercel/next.js/packages/next/dist/compiled/@edge-runtime/primitives/console.js.text.js,0.3428339995443821,cached
/Users/feedthejim/Projects/vercel/next.js/packages/next/dist/compiled/@edge-runtime/primitives/events.js.text.js,0.1260409988462925,cached
/Users/feedthejim/Projects/vercel/next.js/packages/next/dist/compiled/@edge-runtime/primitives/streams.js.text.js,0.3492079973220825,cached
/Users/feedthejim/Projects/vercel/next.js/packages/next/dist/compiled/@edge-runtime/primitives/text-encoding-streams.js.text.js,0.1303750015795231,cached
/Users/feedthejim/Projects/vercel/next.js/packages/next/dist/compiled/@edge-runtime/primitives/abort-controller.js.text.js,0.07354100048542023,cached
/Users/feedthejim/Projects/vercel/next.js/packages/next/dist/compiled/@edge-runtime/primitives/url.js.text.js,0.24162499979138374,cached
/Users/feedthejim/Projects/vercel/next.js/packages/next/dist/compiled/@edge-runtime/primitives/blob.js.text.js,0.1369590014219284,cached
/Users/feedthejim/Projects/vercel/next.js/packages/next/dist/compiled/@edge-runtime/primitives/structured-clone.js.text.js,0.11054199934005737,cached
/Users/feedthejim/Projects/vercel/next.js/packages/next/dist/compiled/@edge-runtime/primitives/fetch.js.text.js,2.2208749987185,cached
/Users/feedthejim/Projects/vercel/next.js/packages/next/dist/compiled/@edge-runtime/primitives/index.js,20.217916000634432,cached
/Users/feedthejim/Projects/vercel/next.js/packages/next/dist/compiled/@edge-runtime/ponyfill/index.js,20.460915997624397,cached
/Users/feedthejim/Projects/vercel/next.js/packages/next/dist/server/node-polyfill-form.js,20.83408400043845,cached
/Users/feedthejim/Projects/vercel/next.js/packages/next/dist/server/node-polyfill-web-streams.js,0.09720900282263756,cached
/Users/feedthejim/Projects/vercel/next.js/packages/next/dist/shared/lib/router/utils/route-matcher.js,0.1045829989016056,cached
/Users/feedthejim/Projects/vercel/next.js/packages/next/dist/server/request-meta.js,0.09383400157094002,cached
/Users/feedthejim/Projects/vercel/next.js/packages/next/dist/server/lib/recursive-readdir-sync.js,0.09287500008940697,cached
/Users/feedthejim/Projects/vercel/next.js/packages/next/dist/compiled/path-to-regexp/index.js,0.10633299872279167,cached
/Users/feedthejim/Projects/vercel/next.js/packages/next/dist/shared/lib/router/utils/path-match.js,0.35041699931025505,cached
/Users/feedthejim/Projects/vercel/next.js/packages/next/dist/lib/redirect-status.js,0.09916700050234795,cached
/Users/feedthejim/Projects/vercel/next.js/packages/next/dist/shared/lib/escape-regexp.js,0.060791999101638794,cached
/Users/feedthejim/Projects/vercel/next.js/packages/next/dist/shared/lib/router/utils/parse-relative-url.js,0.06500000134110451,cached
/Users/feedthejim/Projects/vercel/next.js/packages/next/dist/shared/lib/router/utils/parse-url.js,0.27208399772644043,cached
/Users/feedthejim/Projects/vercel/next.js/packages/next/dist/shared/lib/page-path/ensure-leading-slash.js,0.05070799961686134,cached
/Users/feedthejim/Projects/vercel/next.js/packages/next/dist/shared/lib/router/utils/app-paths.js,0.1977500021457672,cached
/Users/feedthejim/Projects/vercel/next.js/packages/next/dist/server/future/helpers/interception-routes.js,0.3645840026438236,cached
/Users/feedthejim/Projects/vercel/next.js/packages/next/dist/shared/lib/router/utils/prepare-destination.js,1.0836249999701977,cached
/Users/feedthejim/Projects/vercel/next.js/packages/next/dist/server/server-route-utils.js,1.478167001157999,cached
/Users/feedthejim/Projects/vercel/next.js/packages/next/dist/shared/lib/router/utils/is-dynamic.js,0.05045800283551216,cached
/Users/feedthejim/Projects/vercel/next.js/packages/next/dist/shared/lib/router/utils/get-route-from-asset-path.js,0.18283399939537048,cached
/Users/feedthejim/Projects/vercel/next.js/packages/next/dist/server/web/spec-extension/adapters/reflect.js,0.05608300119638443,cached
/Users/feedthejim/Projects/vercel/next.js/packages/next/dist/compiled/undici/index.js,3.6704590022563934,cached
/Users/feedthejim/Projects/vercel/next.js/packages/next/dist/server/web/spec-extension/adapters/headers.js,4.534749999642372,cached
/Users/feedthejim/Projects/vercel/next.js/packages/next/dist/server/api-utils/index.js,4.81454199925065,cached
/Users/feedthejim/Projects/vercel/next.js/packages/next/dist/compiled/bytes/index.js,0.09349999949336052,cached
/Users/feedthejim/Projects/vercel/next.js/packages/next/dist/server/lib/etag.js,0.07450000196695328,cached
/Users/feedthejim/Projects/vercel/next.js/packages/next/dist/compiled/fresh/index.js,0.06749999895691872,cached
/Users/feedthejim/Projects/vercel/next.js/packages/next/dist/server/send-payload/revalidate-headers.js,0.05408399924635887,cached
/Users/feedthejim/Projects/vercel/next.js/packages/next/dist/server/send-payload/index.js,0.5053749978542328,cached
/Users/feedthejim/Projects/vercel/next.js/packages/next/dist/compiled/content-type/index.js,0.07616600021719933,cached
/Users/feedthejim/Projects/vercel/next.js/packages/next/dist/lib/interop-default.js,0.04991699755191803,cached
/Users/feedthejim/Projects/vercel/next.js/packages/next/dist/compiled/@edge-runtime/cookies/index.js,0.13791599869728088,cached
/Users/feedthejim/Projects/vercel/next.js/packages/next/dist/server/web/spec-extension/cookies.js,0.3631250001490116,cached
/Users/feedthejim/Projects/vercel/next.js/packages/next/dist/server/lib/server-ipc/utils.js,0.06524999812245369,cached
/Users/feedthejim/Projects/vercel/next.js/packages/next/dist/server/lib/server-ipc/invoke-request.js,0.19062500074505806,cached
/Users/feedthejim/Projects/vercel/next.js/packages/next/dist/server/api-utils/node.js,2.488749999552965,cached
/Users/feedthejim/Projects/vercel/next.js/packages/next/dist/server/base-http/index.js,0.09583299979567528,cached
/Users/feedthejim/Projects/vercel/next.js/packages/next/dist/server/base-http/node.js,7.833833001554012,cached
/Users/feedthejim/Projects/vercel/next.js/packages/next/dist/compiled/debug/index.js,0.974166002124548,cached
/Users/feedthejim/Projects/vercel/next.js/packages/next/dist/compiled/send/index.js,4.192333001643419,cached
/Users/feedthejim/Projects/vercel/next.js/packages/next/dist/server/serve-static.js,4.5381669998168945,cached
/Users/feedthejim/Projects/vercel/next.js/node_modules/.pnpm/react@18.2.0/node_modules/react/cjs/react.production.min.js,0.19191699847579002,cached
/Users/feedthejim/Projects/vercel/next.js/node_modules/.pnpm/react@18.2.0/node_modules/react/index.js,0.3723750002682209,cached
/Users/feedthejim/Projects/vercel/next.js/node_modules/.pnpm/react-dom@18.2.0_react@18.2.0/node_modules/react-dom/cjs/react-dom-server-legacy.browser.production.min.js,0.7824999988079071,cached
/Users/feedthejim/Projects/vercel/next.js/node_modules/.pnpm/react-dom@18.2.0_react@18.2.0/node_modules/react-dom/cjs/react-dom-server.browser.production.min.js,0.665208000689745,cached
/Users/feedthejim/Projects/vercel/next.js/node_modules/.pnpm/react-dom@18.2.0_react@18.2.0/node_modules/react-dom/server.browser.js,1.7674999982118607,cached
/Users/feedthejim/Projects/vercel/next.js/node_modules/.pnpm/client-only@0.0.1/node_modules/client-only/index.js,0.05366699770092964,cached
/Users/feedthejim/Projects/vercel/next.js/node_modules/.pnpm/styled-jsx@5.1.1_uuaxwgga6hqycsez5ok7v2wg4i/node_modules/styled-jsx/dist/index/index.js,0.6670000031590462,cached
/Users/feedthejim/Projects/vercel/next.js/node_modules/.pnpm/styled-jsx@5.1.1_uuaxwgga6hqycsez5ok7v2wg4i/node_modules/styled-jsx/index.js,0.8662500008940697,cached
/Users/feedthejim/Projects/vercel/next.js/packages/next/dist/lib/is-serializable-props.js,0.08716699853539467,cached
/Users/feedthejim/Projects/vercel/next.js/packages/next/dist/shared/lib/amp-mode.js,0.05279200151562691,cached
/Users/feedthejim/Projects/vercel/next.js/packages/next/dist/shared/lib/amp-context.js,0.1309170015156269,cached
/Users/feedthejim/Projects/vercel/next.js/packages/next/dist/shared/lib/side-effect.js,0.2781669981777668,cached
/Users/feedthejim/Projects/vercel/next.js/packages/next/dist/shared/lib/head-manager-context.js,0.1282079964876175,cached
/Users/feedthejim/Projects/vercel/next.js/packages/next/dist/shared/lib/utils/warn-once.js,0.05637500062584877,cached
/Users/feedthejim/Projects/vercel/next.js/packages/next/dist/shared/lib/head.js,1.075500000268221,cached
/Users/feedthejim/Projects/vercel/next.js/packages/next/dist/shared/lib/loadable-context.js,0.14412499964237213,cached
/Users/feedthejim/Projects/vercel/next.js/packages/next/dist/shared/lib/loadable.js,0.5576249994337559,cached
/Users/feedthejim/Projects/vercel/next.js/packages/next/dist/shared/lib/router-context.js,0.13420800119638443,cached
/Users/feedthejim/Projects/vercel/next.js/packages/next/dist/shared/lib/html-context.js,0.11862500011920929,cached
/Users/feedthejim/Projects/vercel/next.js/packages/next/dist/shared/lib/router/utils/sorted-routes.js,0.07654199749231339,cached
/Users/feedthejim/Projects/vercel/next.js/packages/next/dist/shared/lib/router/utils/index.js,0.24029099941253662,cached
/Users/feedthejim/Projects/vercel/next.js/packages/next/dist/shared/lib/page-path/normalize-page-path.js,0.4422920010983944,cached
/Users/feedthejim/Projects/vercel/next.js/packages/next/dist/shared/lib/page-path/normalize-path-sep.js,0.0510840006172657,cached
/Users/feedthejim/Projects/vercel/next.js/packages/next/dist/shared/lib/page-path/denormalize-page-path.js,0.18016700074076653,cached
/Users/feedthejim/Projects/vercel/next.js/packages/next/dist/server/render-result.js,0.06262500211596489,cached
/Users/feedthejim/Projects/vercel/next.js/packages/next/dist/lib/non-nullable.js,0.048499997705221176,cached
/Users/feedthejim/Projects/vercel/next.js/packages/next/dist/server/stream-utils/encode-decode.js,0.06024999916553497,cached
/Users/feedthejim/Projects/vercel/next.js/packages/next/dist/server/stream-utils/node-web-streams-helper.js,0.46883299946784973,cached
/Users/feedthejim/Projects/vercel/next.js/packages/next/dist/shared/lib/image-config-context.js,0.14066699892282486,cached
/Users/feedthejim/Projects/vercel/next.js/packages/next/dist/compiled/strip-ansi/index.js,0.07262500002980232,cached
/Users/feedthejim/Projects/vercel/next.js/packages/next/dist/server/internal-utils.js,0.10062499716877937,cached
/Users/feedthejim/Projects/vercel/next.js/packages/next/dist/shared/lib/hooks-client-context.js,0.18583399802446365,cached
/Users/feedthejim/Projects/vercel/next.js/packages/next/dist/shared/lib/router/adapters.js,0.5179999992251396,cached
/Users/feedthejim/Projects/vercel/next.js/packages/next/dist/shared/lib/app-router-context.js,0.2510409988462925,cached
/Users/feedthejim/Projects/vercel/next.js/packages/next/dist/server/post-process.js,0.1308329999446869,cached
/Users/feedthejim/Projects/vercel/next.js/packages/next/dist/server/render.js,10.79441700130701,cached
/Users/feedthejim/Projects/vercel/next.js/packages/next/dist/lib/is-edge-runtime.js,0.07141700014472008,cached
/Users/feedthejim/Projects/vercel/next.js/packages/next/dist/shared/lib/runtime-config.js,0.07637500017881393,cached
/Users/feedthejim/Projects/vercel/next.js/packages/next/dist/lib/is-api-route.js,0.0473330020904541,cached
/Users/feedthejim/Projects/vercel/next.js/packages/next/dist/shared/lib/router/utils/parse-path.js,0.05354199931025505,cached
/Users/feedthejim/Projects/vercel/next.js/packages/next/dist/shared/lib/router/utils/path-has-prefix.js,0.18699999898672104,cached
/Users/feedthejim/Projects/vercel/next.js/packages/next/dist/shared/lib/router/utils/remove-path-prefix.js,0.37195900082588196,cached
/Users/feedthejim/Projects/vercel/next.js/packages/next/dist/shared/lib/router/utils/remove-trailing-slash.js,0.046875,cached
/Users/feedthejim/Projects/vercel/next.js/packages/next/dist/shared/lib/router/utils/add-path-prefix.js,0.04920800030231476,cached
/Users/feedthejim/Projects/vercel/next.js/packages/next/dist/shared/lib/router/utils/add-path-suffix.js,0.05133400112390518,cached
/Users/feedthejim/Projects/vercel/next.js/packages/next/dist/shared/lib/router/utils/add-locale.js,0.05050000175833702,cached
/Users/feedthejim/Projects/vercel/next.js/packages/next/dist/shared/lib/router/utils/format-next-pathname-info.js,0.5941659994423389,cached
/Users/feedthejim/Projects/vercel/next.js/packages/next/dist/shared/lib/i18n/normalize-locale-path.js,0.05674999952316284,cached
/Users/feedthejim/Projects/vercel/next.js/packages/next/dist/shared/lib/router/utils/get-next-pathname-info.js,0.227207999676466,cached
/Users/feedthejim/Projects/vercel/next.js/packages/next/dist/server/router.js,1.6815830022096634,cached
/Users/feedthejim/Projects/vercel/next.js/packages/next/dist/server/utils.js,0.061333999037742615,cached
/Users/feedthejim/Projects/vercel/next.js/packages/next/dist/shared/lib/router/utils/is-bot.js,0.048250000923871994,cached
/Users/feedthejim/Projects/vercel/next.js/packages/next/dist/shared/lib/router/utils/escape-path-delimiters.js,0.05262500047683716,cached
/Users/feedthejim/Projects/vercel/next.js/packages/next/dist/shared/lib/router/utils/route-regex.js,0.08937499672174454,cached
/Users/feedthejim/Projects/vercel/next.js/packages/next/dist/server/accept-header.js,0.05962499976158142,cached
/Users/feedthejim/Projects/vercel/next.js/packages/next/dist/shared/lib/i18n/detect-locale-cookie.js,0.05570799857378006,cached
/Users/feedthejim/Projects/vercel/next.js/packages/next/dist/shared/lib/i18n/detect-domain-locale.js,0.04975000023841858,cached
/Users/feedthejim/Projects/vercel/next.js/packages/next/dist/compiled/cookie/index.js,0.06862499937415123,cached
/Users/feedthejim/Projects/vercel/next.js/packages/next/dist/server/server-utils.js,0.9545419998466969,cached
/Users/feedthejim/Projects/vercel/next.js/packages/next/dist/shared/lib/get-hostname.js,0.051500000059604645,cached
/Users/feedthejim/Projects/vercel/next.js/packages/next/dist/server/future/helpers/module-loader/node-module-loader.js,0.06012500077486038,cached
/Users/feedthejim/Projects/vercel/next.js/packages/next/dist/server/future/helpers/module-loader/route-module-loader.js,0.08224999904632568,cached
/Users/feedthejim/Projects/vercel/next.js/packages/next/dist/server/web/next-url.js,0.22579200193285942,cached
/Users/feedthejim/Projects/vercel/next.js/packages/next/dist/server/web/error.js,0.0729999989271164,cached
/Users/feedthejim/Projects/vercel/next.js/packages/next/dist/server/web/spec-extension/request.js,0.6225420013070107,cached
/Users/feedthejim/Projects/vercel/next.js/packages/next/dist/server/web/spec-extension/adapters/next-request.js,0.8167090006172657,cached
/Users/feedthejim/Projects/vercel/next.js/packages/next/dist/server/future/route-handler-managers/route-handler-manager.js,1.2622919976711273,cached
/Users/feedthejim/Projects/vercel/next.js/packages/next/dist/server/future/normalizers/locale-route-normalizer.js,0.05274999886751175,cached
/Users/feedthejim/Projects/vercel/next.js/packages/next/dist/server/future/route-matchers/route-matcher.js,0.14762499928474426,cached
/Users/feedthejim/Projects/vercel/next.js/packages/next/dist/server/future/route-matchers/locale-route-matcher.js,0.4777499996125698,cached
/Users/feedthejim/Projects/vercel/next.js/packages/next/dist/server/future/route-matcher-managers/default-route-matcher-manager.js,0.7257499992847443,cached
/Users/feedthejim/Projects/vercel/next.js/packages/next/dist/lib/is-app-page-route.js,0.05324999988079071,cached
/Users/feedthejim/Projects/vercel/next.js/packages/next/dist/server/future/normalizers/normalizers.js,0.05795900151133537,cached
/Users/feedthejim/Projects/vercel/next.js/packages/next/dist/shared/lib/isomorphic/path.js,0.060208000242710114,cached
/Users/feedthejim/Projects/vercel/next.js/packages/next/dist/server/future/normalizers/prefixing-normalizer.js,0.22166699916124344,cached
/Users/feedthejim/Projects/vercel/next.js/packages/next/dist/server/future/normalizers/built/app/app-bundle-path-normalizer.js,0.5121250003576279,cached
/Users/feedthejim/Projects/vercel/next.js/packages/next/dist/server/future/normalizers/built/app/app-filename-normalizer.js,0.08466700091958046,cached
/Users/feedthejim/Projects/vercel/next.js/packages/next/dist/shared/lib/page-path/remove-page-path-tail.js,0.05579200014472008,cached
/Users/feedthejim/Projects/vercel/next.js/packages/next/dist/lib/metadata/is-metadata-route.js,0.12674999982118607,cached
/Users/feedthejim/Projects/vercel/next.js/packages/next/dist/shared/lib/hash.js,0.057666998356580734,cached
/Users/feedthejim/Projects/vercel/next.js/packages/next/dist/lib/metadata/get-metadata-route.js,0.4997499994933605,cached
/Users/feedthejim/Projects/vercel/next.js/packages/next/dist/shared/lib/page-path/absolute-path-to-page.js,0.9372080005705357,cached
/Users/feedthejim/Projects/vercel/next.js/packages/next/dist/server/future/normalizers/absolute-filename-normalizer.js,1.058958001434803,cached
/Users/feedthejim/Projects/vercel/next.js/packages/next/dist/server/future/normalizers/built/app/app-page-normalizer.js,1.1913329996168613,cached
/Users/feedthejim/Projects/vercel/next.js/packages/next/dist/server/future/normalizers/wrap-normalizer-fn.js,0.0530409999191761,cached
/Users/feedthejim/Projects/vercel/next.js/packages/next/dist/server/future/normalizers/underscore-normalizer.js,0.05058399960398674,cached
/Users/feedthejim/Projects/vercel/next.js/packages/next/dist/server/future/normalizers/built/app/app-pathname-normalizer.js,0.38829100131988525,cached
/Users/feedthejim/Projects/vercel/next.js/packages/next/dist/server/future/normalizers/built/app/index.js,2.591083999723196,cached
/Users/feedthejim/Projects/vercel/next.js/packages/next/dist/server/future/route-kind.js,0.0894169993698597,cached
/Users/feedthejim/Projects/vercel/next.js/packages/next/dist/server/future/route-matchers/app-page-route-matcher.js,0.07224999740719795,cached
/Users/feedthejim/Projects/vercel/next.js/packages/next/dist/server/future/route-matcher-providers/helpers/cached-route-matcher-provider.js,0.055125001817941666,cached
/Users/feedthejim/Projects/vercel/next.js/packages/next/dist/server/future/route-matcher-providers/manifest-route-matcher-provider.js,0.22874999791383743,cached
/Users/feedthejim/Projects/vercel/next.js/packages/next/dist/server/future/route-matcher-providers/app-page-route-matcher-provider.js,3.6141660027205944,cached
/Users/feedthejim/Projects/vercel/next.js/packages/next/dist/lib/is-app-route-route.js,0.05833299830555916,cached
/Users/feedthejim/Projects/vercel/next.js/packages/next/dist/server/future/route-matchers/app-route-route-matcher.js,0.06850000098347664,cached
/Users/feedthejim/Projects/vercel/next.js/packages/next/dist/server/future/route-matcher-providers/app-route-route-matcher-provider.js,0.3570830002427101,cached
/Users/feedthejim/Projects/vercel/next.js/packages/next/dist/server/future/route-matchers/pages-api-route-matcher.js,0.1076660007238388,cached
/Users/feedthejim/Projects/vercel/next.js/packages/next/dist/server/future/normalizers/built/pages/pages-bundle-path-normalizer.js,0.18912500143051147,cached
/Users/feedthejim/Projects/vercel/next.js/packages/next/dist/server/future/normalizers/built/pages/pages-filename-normalizer.js,0.10008299723267555,cached
/Users/feedthejim/Projects/vercel/next.js/packages/next/dist/server/future/normalizers/built/pages/pages-page-normalizer.js,0.0773329995572567,cached
/Users/feedthejim/Projects/vercel/next.js/packages/next/dist/server/future/normalizers/built/pages/pages-pathname-normalizer.js,0.06562500074505806,cached
/Users/feedthejim/Projects/vercel/next.js/packages/next/dist/server/future/normalizers/built/pages/index.js,0.8319169990718365,cached
/Users/feedthejim/Projects/vercel/next.js/packages/next/dist/server/future/route-matcher-providers/pages-api-route-matcher-provider.js,1.21204200014472,cached
/Users/feedthejim/Projects/vercel/next.js/packages/next/dist/server/future/route-matchers/pages-route-matcher.js,0.0773329995572567,cached
/Users/feedthejim/Projects/vercel/next.js/packages/next/dist/server/future/route-matcher-providers/pages-route-matcher-provider.js,0.2345000021159649,cached
/Users/feedthejim/Projects/vercel/next.js/packages/next/dist/server/future/route-matcher-providers/helpers/manifest-loaders/server-manifest-loader.js,0.048958998173475266,cached
/Users/feedthejim/Projects/vercel/next.js/packages/next/dist/server/future/helpers/i18n-provider.js,0.06829100102186203,cached
/Users/feedthejim/Projects/vercel/next.js/packages/next/dist/server/send-response.js,0.07966699823737144,cached
/Users/feedthejim/Projects/vercel/next.js/packages/next/dist/server/web/spec-extension/adapters/request-cookies.js,0.13904199749231339,cached
/Users/feedthejim/Projects/vercel/next.js/packages/next/dist/server/future/route-modules/helpers/response-handlers.js,0.31187500059604645,cached
/Users/feedthejim/Projects/vercel/next.js/packages/next/dist/server/future/route-matches/route-match.js,0.057874999940395355,cached
/Users/feedthejim/Projects/vercel/next.js/packages/next/dist/server/base-server.js,12.983915999531746,cached
/Users/feedthejim/Projects/vercel/next.js/packages/next/dist/compiled/lru-cache/index.js,0.2104169987142086,cached
/Users/feedthejim/Projects/vercel/next.js/packages/next/dist/server/require.js,1.0274589993059635,cached
/Users/feedthejim/Projects/vercel/next.js/packages/next/dist/server/load-components.js,0.17708399891853333,cached
/Users/feedthejim/Projects/vercel/next.js/packages/next/dist/shared/lib/router/utils/relativize-url.js,0.06779100000858307,cached
/Users/feedthejim/Projects/vercel/next.js/packages/next/dist/shared/lib/router/utils/middleware-route-matcher.js,0.11841600015759468,cached
/Users/feedthejim/Projects/vercel/next.js/packages/next/dist/server/response-cache/types.js,0.045833002775907516,cached
/Users/feedthejim/Projects/vercel/next.js/packages/next/dist/server/response-cache/index.js,0.31312499940395355,cached
/Users/feedthejim/Projects/vercel/next.js/packages/next/dist/server/lib/incremental-cache/utils.js,0.05362500250339508,cached
/Users/feedthejim/Projects/vercel/next.js/packages/next/dist/server/lib/incremental-cache/file-system-cache.js,0.3109999969601631,cached
/Users/feedthejim/Projects/vercel/next.js/packages/next/dist/server/lib/incremental-cache/fetch-cache.js,0.14133299887180328,cached
/Users/feedthejim/Projects/vercel/next.js/packages/next/dist/shared/lib/base64-arraybuffer.js,0.08329199999570847,cached
/Users/feedthejim/Projects/vercel/next.js/packages/next/dist/server/lib/incremental-cache/index.js,1.0014159977436066,cached
/Users/feedthejim/Projects/vercel/next.js/packages/next/dist/server/lib/node-fs-methods.js,0.08720799908041954,cached
/Users/feedthejim/Projects/vercel/next.js/packages/next/dist/server/lib/mock-request.js,0.19175000116229057,cached
/Users/feedthejim/Projects/vercel/next.js/packages/next/dist/server/next-server.js,67.01287500187755,cached
/Users/feedthejim/Projects/vercel/next.js/packages/next/dist/compiled/compression/index.js,3.4651250019669533,cached
/server/webpack-runtime.js,0.08558399975299835,cached
/Users/feedthejim/Projects/vercel/next.js/packages/next/dist/server/get-page-files.js,0.06866699829697609,cached
/Users/feedthejim/Projects/vercel/next.js/packages/next/dist/server/htmlescape.js,0.07304099947214127,cached
/server/pages/_document.js,1.2456250004470348,cached
/server/pages/_app.js,0.20629099756479263,cached
/Users/feedthejim/Projects/vercel/next.js/packages/next/dist/compiled/webpack/webpack.js,0.36104200035333633,cached
/Users/feedthejim/Projects/vercel/next.js/packages/next/dist/compiled/webpack/bundle5.js,26.23608400300145,uncached
/Users/feedthejim/Projects/vercel/next.js/packages/next/dist/compiled/loader-runner/LoaderRunner.js,0.31299999728798866,uncached
/Users/feedthejim/Projects/vercel/next.js/packages/next/dist/compiled/webpack-sources3/index.js,0.5826669968664646,uncached
/Users/feedthejim/Projects/vercel/next.js/packages/next/dist/compiled/neo-async/async.js,0.642000000923872,cached
/Users/feedthejim/Projects/vercel/next.js/packages/next/dist/compiled/acorn/acorn.js,1.520541999489069,cached
/Users/feedthejim/Projects/vercel/next.js/test/e2e/app-dir/app/next.config.js,0.07133300229907036,uncached
/Users/feedthejim/Projects/vercel/next.js/packages/next/dist/next-config-validate.js,0.5032909996807575,cached
/Users/feedthejim/Projects/vercel/next.js/packages/next/dist/compiled/ws/index.js,1.3662090003490448,cached
/Users/feedthejim/Projects/vercel/next.js/packages/next/dist/server/node-environment.js,1.7346250005066395,cached
/Users/feedthejim/Projects/vercel/next.js/packages/next/dist/compiled/@edge-runtime/primitives/load.js,0.26908399909734726,cached
/Users/feedthejim/Projects/vercel/next.js/packages/next/dist/compiled/@edge-runtime/primitives/encoding.js.text.js,0.06245799735188484,cached
/Users/feedthejim/Projects/vercel/next.js/packages/next/dist/compiled/@edge-runtime/primitives/console.js.text.js,0.09345799684524536,cached
/Users/feedthejim/Projects/vercel/next.js/packages/next/dist/compiled/@edge-runtime/primitives/events.js.text.js,0.1601249985396862,cached
/Users/feedthejim/Projects/vercel/next.js/packages/next/dist/compiled/@edge-runtime/primitives/streams.js.text.js,0.2864999994635582,cached
/Users/feedthejim/Projects/vercel/next.js/packages/next/dist/compiled/@edge-runtime/primitives/text-encoding-streams.js.text.js,0.15183299779891968,cached
/Users/feedthejim/Projects/vercel/next.js/packages/next/dist/compiled/@edge-runtime/primitives/abort-controller.js.text.js,0.08129100129008293,cached
/Users/feedthejim/Projects/vercel/next.js/packages/next/dist/compiled/@edge-runtime/primitives/url.js.text.js,0.19404200091958046,cached
/Users/feedthejim/Projects/vercel/next.js/packages/next/dist/compiled/@edge-runtime/primitives/blob.js.text.js,0.09670799970626831,cached
/Users/feedthejim/Projects/vercel/next.js/packages/next/dist/compiled/@edge-runtime/primitives/structured-clone.js.text.js,0.09583299979567528,cached
/Users/feedthejim/Projects/vercel/next.js/packages/next/dist/compiled/@edge-runtime/primitives/fetch.js.text.js,2.508790999650955,cached
/Users/feedthejim/Projects/vercel/next.js/packages/next/dist/compiled/@edge-runtime/primitives/index.js,21.25162499770522,cached
/Users/feedthejim/Projects/vercel/next.js/packages/next/dist/compiled/@edge-runtime/ponyfill/index.js,21.485541000962257,cached
/Users/feedthejim/Projects/vercel/next.js/packages/next/dist/server/node-polyfill-form.js,21.808375000953674,cached
/Users/feedthejim/Projects/vercel/next.js/packages/next/dist/server/node-polyfill-web-streams.js,0.08333300054073334,cached
/Users/feedthejim/Projects/vercel/next.js/packages/next/dist/shared/lib/router/utils/route-matcher.js,0.1097090020775795,cached
/Users/feedthejim/Projects/vercel/next.js/packages/next/dist/server/request-meta.js,0.08783299848437309,cached
/Users/feedthejim/Projects/vercel/next.js/packages/next/dist/server/lib/recursive-readdir-sync.js,0.08316700160503387,cached
/Users/feedthejim/Projects/vercel/next.js/packages/next/dist/compiled/path-to-regexp/index.js,0.10624999925494194,cached
/Users/feedthejim/Projects/vercel/next.js/packages/next/dist/shared/lib/router/utils/path-match.js,0.32520899921655655,cached
/Users/feedthejim/Projects/vercel/next.js/packages/next/dist/lib/redirect-status.js,0.09549999982118607,cached
/Users/feedthejim/Projects/vercel/next.js/packages/next/dist/shared/lib/escape-regexp.js,0.054375000298023224,cached
/Users/feedthejim/Projects/vercel/next.js/packages/next/dist/shared/lib/router/utils/parse-relative-url.js,0.06524999812245369,cached
/Users/feedthejim/Projects/vercel/next.js/packages/next/dist/shared/lib/router/utils/parse-url.js,0.26908300071954727,cached
/Users/feedthejim/Projects/vercel/next.js/packages/next/dist/shared/lib/page-path/ensure-leading-slash.js,0.04695800319314003,cached
/Users/feedthejim/Projects/vercel/next.js/packages/next/dist/shared/lib/router/utils/app-paths.js,0.1873749978840351,cached
/Users/feedthejim/Projects/vercel/next.js/packages/next/dist/server/future/helpers/interception-routes.js,0.3453750014305115,cached
/Users/feedthejim/Projects/vercel/next.js/packages/next/dist/shared/lib/router/utils/prepare-destination.js,1.0418750010430813,cached
/Users/feedthejim/Projects/vercel/next.js/packages/next/dist/server/server-route-utils.js,1.387499999254942,cached
/Users/feedthejim/Projects/vercel/next.js/packages/next/dist/shared/lib/router/utils/is-dynamic.js,0.048875000327825546,cached
/Users/feedthejim/Projects/vercel/next.js/packages/next/dist/shared/lib/router/utils/get-route-from-asset-path.js,0.17862499877810478,cached
/Users/feedthejim/Projects/vercel/next.js/packages/next/dist/server/web/spec-extension/adapters/reflect.js,0.05912500247359276,cached
/Users/feedthejim/Projects/vercel/next.js/packages/next/dist/compiled/undici/index.js,3.4457909986376762,cached
/Users/feedthejim/Projects/vercel/next.js/packages/next/dist/server/web/spec-extension/adapters/headers.js,4.350083000957966,cached
/Users/feedthejim/Projects/vercel/next.js/packages/next/dist/server/api-utils/index.js,4.612041000276804,cached
/Users/feedthejim/Projects/vercel/next.js/packages/next/dist/compiled/bytes/index.js,0.10395799949765205,cached
/Users/feedthejim/Projects/vercel/next.js/packages/next/dist/server/lib/etag.js,0.06933299824595451,cached
/Users/feedthejim/Projects/vercel/next.js/packages/next/dist/compiled/fresh/index.js,0.0651249997317791,cached
/Users/feedthejim/Projects/vercel/next.js/packages/next/dist/server/send-payload/revalidate-headers.js,0.05279200151562691,cached
/Users/feedthejim/Projects/vercel/next.js/packages/next/dist/server/send-payload/index.js,0.47874999791383743,cached
/Users/feedthejim/Projects/vercel/next.js/packages/next/dist/compiled/content-type/index.js,0.06995899975299835,cached
/Users/feedthejim/Projects/vercel/next.js/packages/next/dist/lib/interop-default.js,0.05062500014901161,cached
/Users/feedthejim/Projects/vercel/next.js/packages/next/dist/compiled/@edge-runtime/cookies/index.js,0.13737500086426735,cached
/Users/feedthejim/Projects/vercel/next.js/packages/next/dist/server/web/spec-extension/cookies.js,0.3475000001490116,cached
/Users/feedthejim/Projects/vercel/next.js/packages/next/dist/server/lib/server-ipc/utils.js,0.05891700088977814,cached
/Users/feedthejim/Projects/vercel/next.js/packages/next/dist/server/lib/server-ipc/invoke-request.js,0.17683300003409386,cached
/Users/feedthejim/Projects/vercel/next.js/packages/next/dist/server/api-utils/node.js,2.34604199975729,cached
/Users/feedthejim/Projects/vercel/next.js/packages/next/dist/server/base-http/index.js,0.0875840000808239,cached
/Users/feedthejim/Projects/vercel/next.js/packages/next/dist/server/base-http/node.js,7.457375001162291,cached
/Users/feedthejim/Projects/vercel/next.js/packages/next/dist/compiled/debug/index.js,0.9517919979989529,cached
/Users/feedthejim/Projects/vercel/next.js/packages/next/dist/compiled/send/index.js,3.8200000002980232,cached
/Users/feedthejim/Projects/vercel/next.js/packages/next/dist/server/serve-static.js,4.172000002115965,cached
/Users/feedthejim/Projects/vercel/next.js/packages/next/dist/compiled/react/cjs/react.production.min.js,0.42958300188183784,cached
/Users/feedthejim/Projects/vercel/next.js/packages/next/dist/compiled/react/index.js,0.8776249997317791,cached
/Users/feedthejim/Projects/vercel/next.js/packages/next/dist/compiled/react-dom/cjs/react-dom-server-rendering-stub.production.min.js,0.1907079964876175,cached
/Users/feedthejim/Projects/vercel/next.js/packages/next/dist/compiled/react-dom/server-rendering-stub.js,0.6090830005705357,cached
/Users/feedthejim/Projects/vercel/next.js/packages/next/dist/compiled/react-dom/cjs/react-dom-server-legacy.browser.production.min.js,1.7260419987142086,cached
/Users/feedthejim/Projects/vercel/next.js/packages/next/dist/compiled/react-dom/cjs/react-dom-server.browser.production.min.js,0.8364160023629665,cached
/Users/feedthejim/Projects/vercel/next.js/packages/next/dist/compiled/react-dom/server.browser.js,3.264290999621153,cached
/Users/feedthejim/Projects/vercel/next.js/node_modules/.pnpm/client-only@0.0.1/node_modules/client-only/index.js,0.04741699993610382,cached
/Users/feedthejim/Projects/vercel/next.js/node_modules/.pnpm/styled-jsx@5.1.1_uuaxwgga6hqycsez5ok7v2wg4i/node_modules/styled-jsx/dist/index/index.js,0.5885830000042915,cached
/Users/feedthejim/Projects/vercel/next.js/node_modules/.pnpm/styled-jsx@5.1.1_uuaxwgga6hqycsez5ok7v2wg4i/node_modules/styled-jsx/index.js,0.7699170000851154,cached
/Users/feedthejim/Projects/vercel/next.js/packages/next/dist/lib/is-serializable-props.js,0.08499999716877937,cached
/Users/feedthejim/Projects/vercel/next.js/packages/next/dist/shared/lib/amp-mode.js,0.051249999552965164,cached
/Users/feedthejim/Projects/vercel/next.js/packages/next/dist/shared/lib/amp-context.js,0.06875000149011612,cached
/Users/feedthejim/Projects/vercel/next.js/packages/next/dist/shared/lib/side-effect.js,0.139249999076128,cached
/Users/feedthejim/Projects/vercel/next.js/packages/next/dist/shared/lib/head-manager-context.js,0.06629199907183647,cached
/Users/feedthejim/Projects/vercel/next.js/packages/next/dist/shared/lib/utils/warn-once.js,0.05924999713897705,cached
/Users/feedthejim/Projects/vercel/next.js/packages/next/dist/shared/lib/head.js,0.77445899695158,cached
/Users/feedthejim/Projects/vercel/next.js/packages/next/dist/shared/lib/loadable-context.js,0.06370799988508224,cached
/Users/feedthejim/Projects/vercel/next.js/packages/next/dist/shared/lib/loadable.js,0.2470419965684414,cached
/Users/feedthejim/Projects/vercel/next.js/packages/next/dist/shared/lib/router-context.js,0.06495799869298935,cached
/Users/feedthejim/Projects/vercel/next.js/packages/next/dist/shared/lib/html-context.js,0.078125,cached
/Users/feedthejim/Projects/vercel/next.js/packages/next/dist/shared/lib/router/utils/sorted-routes.js,0.08008399978280067,cached
/Users/feedthejim/Projects/vercel/next.js/packages/next/dist/shared/lib/router/utils/index.js,0.23008299991488457,cached
/Users/feedthejim/Projects/vercel/next.js/packages/next/dist/shared/lib/page-path/normalize-page-path.js,0.42787499725818634,cached
/Users/feedthejim/Projects/vercel/next.js/packages/next/dist/shared/lib/page-path/normalize-path-sep.js,0.05870800092816353,cached
/Users/feedthejim/Projects/vercel/next.js/packages/next/dist/shared/lib/page-path/denormalize-page-path.js,0.18899999931454659,cached
/Users/feedthejim/Projects/vercel/next.js/packages/next/dist/server/render-result.js,0.0716249980032444,cached
/Users/feedthejim/Projects/vercel/next.js/packages/next/dist/lib/non-nullable.js,0.04958299919962883,cached
/Users/feedthejim/Projects/vercel/next.js/packages/next/dist/server/stream-utils/encode-decode.js,0.0609159991145134,cached
/Users/feedthejim/Projects/vercel/next.js/packages/next/dist/server/stream-utils/node-web-streams-helper.js,0.4528749994933605,cached
/Users/feedthejim/Projects/vercel/next.js/packages/next/dist/shared/lib/image-config-context.js,0.09608300030231476,cached
/Users/feedthejim/Projects/vercel/next.js/packages/next/dist/compiled/strip-ansi/index.js,0.07945900037884712,cached
/Users/feedthejim/Projects/vercel/next.js/packages/next/dist/server/internal-utils.js,0.11558400094509125,cached
/Users/feedthejim/Projects/vercel/next.js/packages/next/dist/shared/lib/hooks-client-context.js,0.13383299857378006,cached
/Users/feedthejim/Projects/vercel/next.js/packages/next/dist/shared/lib/router/adapters.js,0.4251659996807575,cached
/Users/feedthejim/Projects/vercel/next.js/packages/next/dist/shared/lib/app-router-context.js,0.10066699981689453,cached
/Users/feedthejim/Projects/vercel/next.js/packages/next/dist/server/post-process.js,0.11558400094509125,cached
/Users/feedthejim/Projects/vercel/next.js/packages/next/dist/server/render.js,12.584457997232676,cached
/Users/feedthejim/Projects/vercel/next.js/packages/next/dist/lib/is-edge-runtime.js,0.07225000113248825,cached
/Users/feedthejim/Projects/vercel/next.js/packages/next/dist/shared/lib/runtime-config.js,0.06712500005960464,cached
/Users/feedthejim/Projects/vercel/next.js/packages/next/dist/lib/is-api-route.js,0.05154100060462952,cached
/Users/feedthejim/Projects/vercel/next.js/packages/next/dist/shared/lib/router/utils/parse-path.js,0.07612499967217445,cached
/Users/feedthejim/Projects/vercel/next.js/packages/next/dist/shared/lib/router/utils/path-has-prefix.js,0.33854199945926666,cached
/Users/feedthejim/Projects/vercel/next.js/packages/next/dist/shared/lib/router/utils/remove-path-prefix.js,0.46537499874830246,cached
/Users/feedthejim/Projects/vercel/next.js/packages/next/dist/shared/lib/router/utils/remove-trailing-slash.js,0.05358299985527992,cached
/Users/feedthejim/Projects/vercel/next.js/packages/next/dist/shared/lib/router/utils/add-path-prefix.js,0.055709000676870346,cached
/Users/feedthejim/Projects/vercel/next.js/packages/next/dist/shared/lib/router/utils/add-path-suffix.js,0.0499579980969429,cached
/Users/feedthejim/Projects/vercel/next.js/packages/next/dist/shared/lib/router/utils/add-locale.js,0.05079200118780136,cached
/Users/feedthejim/Projects/vercel/next.js/packages/next/dist/shared/lib/router/utils/format-next-pathname-info.js,0.6066250018775463,cached
/Users/feedthejim/Projects/vercel/next.js/packages/next/dist/shared/lib/i18n/normalize-locale-path.js,0.048250000923871994,cached
/Users/feedthejim/Projects/vercel/next.js/packages/next/dist/shared/lib/router/utils/get-next-pathname-info.js,0.20641599968075752,cached
/Users/feedthejim/Projects/vercel/next.js/packages/next/dist/server/router.js,1.766040999442339,cached
/Users/feedthejim/Projects/vercel/next.js/packages/next/dist/server/utils.js,0.06429099664092064,cached
/Users/feedthejim/Projects/vercel/next.js/packages/next/dist/shared/lib/router/utils/is-bot.js,0.04570800065994263,cached
/Users/feedthejim/Projects/vercel/next.js/packages/next/dist/shared/lib/router/utils/escape-path-delimiters.js,0.048124998807907104,cached
/Users/feedthejim/Projects/vercel/next.js/packages/next/dist/shared/lib/router/utils/route-regex.js,0.28120899945497513,cached
/Users/feedthejim/Projects/vercel/next.js/packages/next/dist/server/accept-header.js,0.07729199901223183,cached
/Users/feedthejim/Projects/vercel/next.js/packages/next/dist/shared/lib/i18n/detect-locale-cookie.js,0.07012499868869781,cached
/Users/feedthejim/Projects/vercel/next.js/packages/next/dist/shared/lib/i18n/detect-domain-locale.js,0.05804099887609482,cached
/Users/feedthejim/Projects/vercel/next.js/packages/next/dist/compiled/cookie/index.js,0.08158300071954727,cached
/Users/feedthejim/Projects/vercel/next.js/packages/next/dist/server/server-utils.js,2.1822079978883266,cached
/Users/feedthejim/Projects/vercel/next.js/packages/next/dist/shared/lib/get-hostname.js,0.057374998927116394,cached
/Users/feedthejim/Projects/vercel/next.js/packages/next/dist/server/future/helpers/module-loader/node-module-loader.js,0.058416999876499176,cached
/Users/feedthejim/Projects/vercel/next.js/packages/next/dist/server/future/helpers/module-loader/route-module-loader.js,0.0921659991145134,cached
/Users/feedthejim/Projects/vercel/next.js/packages/next/dist/server/web/next-url.js,0.2261670008301735,cached
/Users/feedthejim/Projects/vercel/next.js/packages/next/dist/server/web/error.js,0.07454200088977814,cached
/Users/feedthejim/Projects/vercel/next.js/packages/next/dist/server/web/spec-extension/request.js,0.6428329981863499,cached
/Users/feedthejim/Projects/vercel/next.js/packages/next/dist/server/web/spec-extension/adapters/next-request.js,0.8571250028908253,cached
/Users/feedthejim/Projects/vercel/next.js/packages/next/dist/server/future/route-handler-managers/route-handler-manager.js,1.3166670016944408,cached
/Users/feedthejim/Projects/vercel/next.js/packages/next/dist/server/future/normalizers/locale-route-normalizer.js,0.05591700226068497,cached
/Users/feedthejim/Projects/vercel/next.js/packages/next/dist/server/future/route-matchers/route-matcher.js,0.1424579992890358,cached
/Users/feedthejim/Projects/vercel/next.js/packages/next/dist/server/future/route-matchers/locale-route-matcher.js,0.2858330011367798,cached
/Users/feedthejim/Projects/vercel/next.js/packages/next/dist/server/future/route-matcher-managers/default-route-matcher-manager.js,0.509332999587059,cached
/Users/feedthejim/Projects/vercel/next.js/packages/next/dist/lib/is-app-page-route.js,0.05320899933576584,cached
/Users/feedthejim/Projects/vercel/next.js/packages/next/dist/server/future/normalizers/normalizers.js,0.06370799988508224,cached
/Users/feedthejim/Projects/vercel/next.js/packages/next/dist/shared/lib/isomorphic/path.js,0.051959000527858734,cached
/Users/feedthejim/Projects/vercel/next.js/packages/next/dist/server/future/normalizers/prefixing-normalizer.js,0.1823749989271164,cached
/Users/feedthejim/Projects/vercel/next.js/packages/next/dist/server/future/normalizers/built/app/app-bundle-path-normalizer.js,0.4763749986886978,cached
/Users/feedthejim/Projects/vercel/next.js/packages/next/dist/server/future/normalizers/built/app/app-filename-normalizer.js,0.07874999940395355,cached
/Users/feedthejim/Projects/vercel/next.js/packages/next/dist/shared/lib/page-path/remove-page-path-tail.js,0.05958300083875656,cached
/Users/feedthejim/Projects/vercel/next.js/packages/next/dist/lib/metadata/is-metadata-route.js,0.12470900267362595,cached
/Users/feedthejim/Projects/vercel/next.js/packages/next/dist/shared/lib/hash.js,0.060832999646663666,cached
/Users/feedthejim/Projects/vercel/next.js/packages/next/dist/lib/metadata/get-metadata-route.js,0.4989579990506172,cached
/Users/feedthejim/Projects/vercel/next.js/packages/next/dist/shared/lib/page-path/absolute-path-to-page.js,0.9783340021967888,cached
/Users/feedthejim/Projects/vercel/next.js/packages/next/dist/server/future/normalizers/absolute-filename-normalizer.js,1.097375001758337,cached
/Users/feedthejim/Projects/vercel/next.js/packages/next/dist/server/future/normalizers/built/app/app-page-normalizer.js,1.2200410030782223,cached
/Users/feedthejim/Projects/vercel/next.js/packages/next/dist/server/future/normalizers/wrap-normalizer-fn.js,0.04724999889731407,cached
/Users/feedthejim/Projects/vercel/next.js/packages/next/dist/server/future/normalizers/underscore-normalizer.js,0.05420899763703346,cached
/Users/feedthejim/Projects/vercel/next.js/packages/next/dist/server/future/normalizers/built/app/app-pathname-normalizer.js,0.3338330015540123,cached
/Users/feedthejim/Projects/vercel/next.js/packages/next/dist/server/future/normalizers/built/app/index.js,2.506333999335766,cached
/Users/feedthejim/Projects/vercel/next.js/packages/next/dist/server/future/route-kind.js,0.05704199895262718,cached
/Users/feedthejim/Projects/vercel/next.js/packages/next/dist/server/future/route-matchers/app-page-route-matcher.js,0.05450000241398811,cached
/Users/feedthejim/Projects/vercel/next.js/packages/next/dist/server/future/route-matcher-providers/helpers/cached-route-matcher-provider.js,0.05425000190734863,cached
/Users/feedthejim/Projects/vercel/next.js/packages/next/dist/server/future/route-matcher-providers/manifest-route-matcher-provider.js,0.1921669989824295,cached
/Users/feedthejim/Projects/vercel/next.js/packages/next/dist/server/future/route-matcher-providers/app-page-route-matcher-provider.js,3.3517080023884773,cached
/Users/feedthejim/Projects/vercel/next.js/packages/next/dist/lib/is-app-route-route.js,0.04708299785852432,cached
/Users/feedthejim/Projects/vercel/next.js/packages/next/dist/server/future/route-matchers/app-route-route-matcher.js,0.054499998688697815,cached
/Users/feedthejim/Projects/vercel/next.js/packages/next/dist/server/future/route-matcher-providers/app-route-route-matcher-provider.js,0.300500001758337,cached
/Users/feedthejim/Projects/vercel/next.js/packages/next/dist/server/future/route-matchers/pages-api-route-matcher.js,0.09400000050663948,cached
/Users/feedthejim/Projects/vercel/next.js/packages/next/dist/server/future/normalizers/built/pages/pages-bundle-path-normalizer.js,0.16387499868869781,cached
/Users/feedthejim/Projects/vercel/next.js/packages/next/dist/server/future/normalizers/built/pages/pages-filename-normalizer.js,0.09070799872279167,cached
/Users/feedthejim/Projects/vercel/next.js/packages/next/dist/server/future/normalizers/built/pages/pages-page-normalizer.js,0.07295900210738182,cached
/Users/feedthejim/Projects/vercel/next.js/packages/next/dist/server/future/normalizers/built/pages/pages-pathname-normalizer.js,0.0736669972538948,cached
/Users/feedthejim/Projects/vercel/next.js/packages/next/dist/server/future/normalizers/built/pages/index.js,0.7822080031037331,cached
/Users/feedthejim/Projects/vercel/next.js/packages/next/dist/server/future/route-matcher-providers/pages-api-route-matcher-provider.js,1.165667001157999,cached
/Users/feedthejim/Projects/vercel/next.js/packages/next/dist/server/future/route-matchers/pages-route-matcher.js,0.0703749991953373,cached
/Users/feedthejim/Projects/vercel/next.js/packages/next/dist/server/future/route-matcher-providers/pages-route-matcher-provider.js,0.2218340002000332,cached
/Users/feedthejim/Projects/vercel/next.js/packages/next/dist/server/future/route-matcher-providers/helpers/manifest-loaders/server-manifest-loader.js,0.05995799973607063,cached
/Users/feedthejim/Projects/vercel/next.js/packages/next/dist/server/future/helpers/i18n-provider.js,0.09804200008511543,cached
/Users/feedthejim/Projects/vercel/next.js/packages/next/dist/server/send-response.js,0.0798339992761612,cached
/Users/feedthejim/Projects/vercel/next.js/packages/next/dist/server/web/spec-extension/adapters/request-cookies.js,0.14149999991059303,cached
/Users/feedthejim/Projects/vercel/next.js/packages/next/dist/server/future/route-modules/helpers/response-handlers.js,0.32670800015330315,cached
/Users/feedthejim/Projects/vercel/next.js/packages/next/dist/server/future/route-matches/route-match.js,0.08300000056624413,cached
/Users/feedthejim/Projects/vercel/next.js/packages/next/dist/server/base-server.js,14.063707999885082,cached
/Users/feedthejim/Projects/vercel/next.js/packages/next/dist/compiled/lru-cache/index.js,0.22979100048542023,cached
/Users/feedthejim/Projects/vercel/next.js/packages/next/dist/server/require.js,0.9197500012814999,cached
/Users/feedthejim/Projects/vercel/next.js/packages/next/dist/server/load-components.js,0.2100830003619194,cached
/Users/feedthejim/Projects/vercel/next.js/packages/next/dist/shared/lib/router/utils/relativize-url.js,0.06441699713468552,cached
/Users/feedthejim/Projects/vercel/next.js/packages/next/dist/shared/lib/router/utils/middleware-route-matcher.js,0.08762500062584877,cached
/Users/feedthejim/Projects/vercel/next.js/packages/next/dist/server/response-cache/types.js,0.04354200139641762,cached
/Users/feedthejim/Projects/vercel/next.js/packages/next/dist/server/response-cache/index.js,0.2203340008854866,cached
/Users/feedthejim/Projects/vercel/next.js/packages/next/dist/server/lib/incremental-cache/utils.js,0.051750000566244125,cached
/Users/feedthejim/Projects/vercel/next.js/packages/next/dist/server/lib/incremental-cache/file-system-cache.js,0.3186659999191761,cached
/Users/feedthejim/Projects/vercel/next.js/packages/next/dist/server/lib/incremental-cache/fetch-cache.js,0.14604100212454796,cached
/Users/feedthejim/Projects/vercel/next.js/packages/next/dist/shared/lib/base64-arraybuffer.js,0.08516699820756912,cached
/Users/feedthejim/Projects/vercel/next.js/packages/next/dist/server/lib/incremental-cache/index.js,0.9651669971644878,cached
/Users/feedthejim/Projects/vercel/next.js/packages/next/dist/server/lib/node-fs-methods.js,0.08249999955296516,cached
/Users/feedthejim/Projects/vercel/next.js/packages/next/dist/server/lib/mock-request.js,0.1932080015540123,cached
/Users/feedthejim/Projects/vercel/next.js/packages/next/dist/server/next-server.js,69.65187500044703,cached
/Users/feedthejim/Projects/vercel/next.js/packages/next/dist/compiled/compression/index.js,2.4992079995572567,cached
/server/webpack-runtime.js,0.0854170024394989,cached
/Users/feedthejim/Projects/vercel/next.js/packages/next/dist/server/get-page-files.js,0.06804200261831284,cached
/Users/feedthejim/Projects/vercel/next.js/packages/next/dist/server/htmlescape.js,0.07904199883341789,cached
/server/pages/_document.js,1.0517499968409538,cached
/server/pages/_app.js,0.15954099968075752,cached
/server/chunks/9545.js,0.2210419997572899,cached
/server/chunks/5436.js,0.454500000923872,cached
/server/app/dynamic/[category]/[id]/page.js,3.3217500001192093,cached
/Users/feedthejim/Projects/vercel/next.js/packages/next/dist/client/components/error.js,0.34733299911022186,cached
/Users/feedthejim/Projects/vercel/next.js/packages/next/dist/server/app-render/use-flight-response.js,0.2607499994337559,cached
/Users/feedthejim/Projects/vercel/next.js/packages/next/dist/server/app-render/create-server-components-renderer.js,0.6065840013325214,cached
/Users/feedthejim/Projects/vercel/next.js/packages/next/dist/server/app-render/get-segment-param.js,0.21204200014472008,cached
/Users/feedthejim/Projects/vercel/next.js/packages/next/dist/client/components/match-segments.js,0.5605420023202896,cached
/Users/feedthejim/Projects/vercel/next.js/packages/next/dist/shared/lib/server-inserted-html.js,0.30433300137519836,cached
/Users/feedthejim/Projects/vercel/next.js/packages/next/dist/lib/metadata/generate/meta.js,0.2282090000808239,cached
/Users/feedthejim/Projects/vercel/next.js/packages/next/dist/lib/metadata/generate/basic.js,0.6382919996976852,cached
/Users/feedthejim/Projects/vercel/next.js/packages/next/dist/lib/metadata/generate/alternate.js,0.17520900070667267,cached
/Users/feedthejim/Projects/vercel/next.js/packages/next/dist/lib/metadata/generate/opengraph.js,0.2617089971899986,cached
/Users/feedthejim/Projects/vercel/next.js/packages/next/dist/lib/metadata/generate/icons.js,0.17770899832248688,cached
/Users/feedthejim/Projects/vercel/next.js/packages/next/dist/lib/metadata/default-metadata.js,0.16758400201797485,cached
/Users/feedthejim/Projects/vercel/next.js/packages/next/dist/lib/metadata/generate/utils.js,0.17291700094938278,cached
/Users/feedthejim/Projects/vercel/next.js/packages/next/dist/lib/metadata/resolvers/resolve-url.js,0.25037499889731407,cached
/Users/feedthejim/Projects/vercel/next.js/packages/next/dist/lib/metadata/resolvers/resolve-opengraph.js,0.9868750013411045,cached
/Users/feedthejim/Projects/vercel/next.js/packages/next/dist/lib/metadata/resolvers/resolve-title.js,0.16533299908041954,cached
/Users/feedthejim/Projects/vercel/next.js/packages/next/dist/lib/client-reference.js,0.16541700065135956,cached
/Users/feedthejim/Projects/vercel/next.js/packages/next/dist/server/lib/app-dir-module.js,0.16379199922084808,cached
/Users/feedthejim/Projects/vercel/next.js/packages/next/dist/lib/metadata/constants.js,0.21004199981689453,cached
/Users/feedthejim/Projects/vercel/next.js/packages/next/dist/lib/metadata/resolvers/resolve-basics.js,0.6797919981181622,cached
/Users/feedthejim/Projects/vercel/next.js/packages/next/dist/lib/metadata/resolvers/resolve-icons.js,0.1863749995827675,cached
/Users/feedthejim/Projects/vercel/next.js/packages/next/dist/lib/metadata/resolve-metadata.js,4.1912919990718365,cached
/Users/feedthejim/Projects/vercel/next.js/packages/next/dist/lib/metadata/metadata.js,6.786499999463558,cached
/Users/feedthejim/Projects/vercel/next.js/packages/next/dist/server/async-storage/draft-mode-provider.js,0.2719159983098507,cached
/Users/feedthejim/Projects/vercel/next.js/packages/next/dist/server/async-storage/request-async-storage-wrapper.js,0.675416000187397,cached
/Users/feedthejim/Projects/vercel/next.js/packages/next/dist/server/async-storage/static-generation-async-storage-wrapper.js,0.10112500190734863,cached
/Users/feedthejim/Projects/vercel/next.js/packages/next/dist/client/components/not-found.js,0.17424999922513962,cached
/Users/feedthejim/Projects/vercel/next.js/packages/next/dist/client/components/async-local-storage.js,0.1132499985396862,cached
/Users/feedthejim/Projects/vercel/next.js/packages/next/dist/client/components/request-async-storage.js,0.4266670010983944,cached
/Users/feedthejim/Projects/vercel/next.js/packages/next/dist/client/components/redirect.js,0.8031659983098507,cached
/Users/feedthejim/Projects/vercel/next.js/packages/next/dist/server/lib/patch-fetch.js,0.3059999980032444,cached
/Users/feedthejim/Projects/vercel/next.js/packages/next/dist/server/app-render/interop-default.js,0.1775839999318123,cached
/Users/feedthejim/Projects/vercel/next.js/packages/next/dist/server/app-render/preload-component.js,0.20112499967217445,cached
/Users/feedthejim/Projects/vercel/next.js/packages/next/dist/server/app-render/flight-render-result.js,0.21170900017023087,cached
/Users/feedthejim/Projects/vercel/next.js/packages/next/dist/client/components/hooks-server-context.js,0.0980830006301403,cached
/Users/feedthejim/Projects/vercel/next.js/packages/next/dist/compiled/string-hash/index.js,0.10529199987649918,cached
/Users/feedthejim/Projects/vercel/next.js/packages/next/dist/lib/format-server-error.js,0.09595799818634987,cached
/Users/feedthejim/Projects/vercel/next.js/packages/next/dist/shared/lib/lazy-dynamic/no-ssr-error.js,0.07666600123047829,cached
/Users/feedthejim/Projects/vercel/next.js/packages/next/dist/server/app-render/create-error-handler.js,1.4950419999659061,cached
/Users/feedthejim/Projects/vercel/next.js/packages/next/dist/server/app-render/get-short-dynamic-param-type.js,0.0928340032696724,cached
/Users/feedthejim/Projects/vercel/next.js/packages/next/dist/server/app-render/get-css-inlined-link-tags.js,0.0867919996380806,cached
/Users/feedthejim/Projects/vercel/next.js/packages/next/dist/server/app-render/get-preloadable-fonts.js,0.08604200184345245,cached
/Users/feedthejim/Projects/vercel/next.js/packages/next/dist/server/app-render/get-script-nonce-from-header.js,0.09270799905061722,cached
/Users/feedthejim/Projects/vercel/next.js/packages/next/dist/server/app-render/render-to-string.js,0.10737499967217445,cached
/Users/feedthejim/Projects/vercel/next.js/node_modules/.pnpm/zod@3.21.4/node_modules/zod/lib/helpers/util.js,0.1670840010046959,cached
/Users/feedthejim/Projects/vercel/next.js/node_modules/.pnpm/zod@3.21.4/node_modules/zod/lib/ZodError.js,0.3897920027375221,cached
/Users/feedthejim/Projects/vercel/next.js/node_modules/.pnpm/zod@3.21.4/node_modules/zod/lib/locales/en.js,1.2047090008854866,cached
/Users/feedthejim/Projects/vercel/next.js/node_modules/.pnpm/zod@3.21.4/node_modules/zod/lib/errors.js,1.5536249987781048,cached
/Users/feedthejim/Projects/vercel/next.js/node_modules/.pnpm/zod@3.21.4/node_modules/zod/lib/helpers/parseUtil.js,0.25304200127720833,cached
/Users/feedthejim/Projects/vercel/next.js/node_modules/.pnpm/zod@3.21.4/node_modules/zod/lib/helpers/typeAliases.js,0.15470800176262856,cached
/Users/feedthejim/Projects/vercel/next.js/node_modules/.pnpm/zod@3.21.4/node_modules/zod/lib/helpers/errorUtil.js,0.1910420022904873,cached
/Users/feedthejim/Projects/vercel/next.js/node_modules/.pnpm/zod@3.21.4/node_modules/zod/lib/types.js,1.3998750001192093,cached
/Users/feedthejim/Projects/vercel/next.js/node_modules/.pnpm/zod@3.21.4/node_modules/zod/lib/external.js,4.475499998778105,cached
/Users/feedthejim/Projects/vercel/next.js/node_modules/.pnpm/zod@3.21.4/node_modules/zod/lib/index.js,4.902040999382734,cached
/Users/feedthejim/Projects/vercel/next.js/packages/next/dist/server/app-render/types.js,5.714999999850988,cached
/Users/feedthejim/Projects/vercel/next.js/packages/next/dist/server/app-render/parse-and-validate-flight-router-state.js,5.858375001698732,cached
/Users/feedthejim/Projects/vercel/next.js/packages/next/dist/server/app-render/validate-url.js,0.21287499740719795,cached
/Users/feedthejim/Projects/vercel/next.js/packages/next/dist/server/app-render/create-flight-router-state-from-loader-tree.js,0.11729199811816216,cached
/Users/feedthejim/Projects/vercel/next.js/packages/next/dist/server/app-render/action-handler.js,0.1730000004172325,cached
/Users/feedthejim/Projects/vercel/next.js/packages/next/dist/server/app-render/app-render.js,22.786958001554012,cached
/Users/feedthejim/Projects/vercel/next.js/packages/next/dist/compiled/nanoid/index.cjs,0.1871660016477108,uncached
/Users/feedthejim/Projects/vercel/next.js/packages/next/dist/compiled/react-dom/cjs/react-dom-server.edge.production.min.js,0.8212089985609055,cached
/Users/feedthejim/Projects/vercel/next.js/packages/next/dist/compiled/react-dom/server.edge.js,1.305833000689745,cached
/Users/feedthejim/Projects/vercel/next.js/packages/next/dist/compiled/react-server-dom-webpack/cjs/react-server-dom-webpack-client.edge.production.min.js,0.28504199907183647,cached
/Users/feedthejim/Projects/vercel/next.js/packages/next/dist/compiled/react-server-dom-webpack/client.edge.js,0.7542910017073154,cached
/Users/feedthejim/Projects/vercel/next.js/packages/next/dist/compiled/react/cjs/react-jsx-runtime.production.min.js,0.20416700094938278,cached
/Users/feedthejim/Projects/vercel/next.js/packages/next/dist/compiled/react/jsx-runtime.js,0.570082999765873,cached
/Users/feedthejim/Projects/vercel/next.js/packages/next/dist/compiled/react-server-dom-webpack/cjs/react-server-dom-webpack-client.browser.production.min.js,0.3116670027375221,cached
/Users/feedthejim/Projects/vercel/next.js/packages/next/dist/compiled/react-server-dom-webpack/client.browser.js,0.7672500014305115,cached
/Users/feedthejim/Projects/vercel/next.js/packages/next/dist/compiled/react-server-dom-webpack/client.js,1.1880830004811287,cached
/Users/feedthejim/Projects/vercel/next.js/packages/next/dist/shared/lib/router/utils/handle-smooth-scroll.js,0.1936669982969761,cached
